Mass,logT,logg,logR,logtau,logL
0.5,3.4,7.8672,-1.8664610916297826,9.826741936775862,-5.1747
0.5,3.42,7.8672,-1.8664610916297826,9.810756582007507,-5.0947
0.5,3.44,7.8672,-1.8664610916297826,9.793692622518671,-5.0147
0.5,3.46,7.8672,-1.8664610916297826,9.776679396093297,-4.9347
0.5,3.48,7.8672,-1.8664610916297826,9.75994721387319,-4.8547
0.5,3.5,7.8671,-1.8664610916297826,9.743188236463073,-4.7746
0.5,3.52,7.8671,-1.8664610916297826,9.726238046802637,-4.6946
0.5,3.54,7.867,-1.8664610916297826,9.708684286570366,-4.6145
0.5,3.56,7.867,-1.8664610916297826,9.690027647469964,-4.5344
0.5,3.58,7.8669,-1.8664610916297826,9.669595781024313,-4.4544
0.5,3.6,7.8667,-1.8664610916297826,9.647343842723098,-4.3742
0.5,3.62,7.8666,-1.8664610916297826,9.623300989044697,-4.2941
0.5,3.64,7.8664,-1.8664610916297826,9.598495042273587,-4.2139
0.5,3.66,7.8662,-1.8664610916297826,9.57397335793606,-4.1337
0.5,3.68,7.866,-1.8632794328435933,9.544278936171903,-4.0535
0.5,3.7,7.8657,-1.8632794328435933,9.512991068415214,-3.9732
0.5,3.72,7.8654,-1.8632794328435933,9.481972631563957,-3.8929
0.5,3.74,7.8651,-1.8632794328435933,9.446459496594692,-3.8126
0.5,3.76,7.8647,-1.8632794328435933,9.409172018991404,-3.7322
0.5,3.78,7.8642,-1.8632794328435933,9.36823108331113,-3.6517
0.5,3.8,7.8636,-1.8632794328435933,9.319564066092164,-3.5711
0.5,3.82,7.8629,-1.8632794328435933,9.263494041721883,-3.4904
0.5,3.84,7.8621,-1.8632794328435933,9.206340057780066,-3.4096
0.5,3.86,7.861,-1.8632794328435933,9.159777672787248,-3.3285
0.5,3.88,7.8598,-1.8601209135987635,9.107345665472094,-3.2473
0.5,3.9,7.8583,-1.8601209135987635,9.049566869164652,-3.1657
0.5,3.92,7.8563,-1.8601209135987635,8.984122082861111,-3.0838
0.5,3.94,7.854,-1.8601209135987635,8.911796590437252,-3.0015
0.5,3.96,7.8513,-1.856985199745905,8.835373452470009,-2.9188
0.5,3.98,7.8483,-1.856985199745905,8.759818877374826,-2.8358
0.5,4.0,7.8454,-1.853871964321762,8.692141609366784,-2.7529
0.5,4.02,7.8427,-1.853871964321762,8.631849462159819,-2.6702
0.5,4.04,7.8401,-1.85078088734462,8.575534218319865,-2.5876
0.5,4.06,7.8375,-1.85078088734462,8.520352504083318,-2.505
0.5,4.08,7.8349,-1.85078088734462,8.465085287557432,-2.4224
0.5,4.1,7.8322,-1.8477116556169435,8.409087369447835,-2.3397
0.5,4.12,7.8295,-1.8477116556169435,8.351216345339342,-2.2569
0.5,4.14,7.8265,-1.8446639625349381,8.291146761731886,-2.174
0.5,4.16,7.8233,-1.8446639625349381,8.228143607597742,-2.0908
0.5,4.18,7.8199,-1.8416375079047504,8.161966616364074,-2.0074
0.5,4.2,7.8162,-1.8386319977650252,8.09236969962912,-1.9237
0.5,4.22,7.8122,-1.8386319977650252,8.018700498666243,-1.8397
0.5,4.24,7.8078,-1.8356471442155629,7.942008053022313,-1.7553
0.5,4.26,7.803,-1.832682665251824,7.862131379313037,-1.6705
0.5,4.28,7.7979,-1.8297382846050425,7.779596491257824,-1.5854
0.5,4.3,7.7925,-1.8297382846050425,7.694605198933568,-1.5
0.5,4.32,7.7868,-1.826813731587726,7.61066016308988,-1.4143
0.5,4.34,7.7808,-1.8210230527068305,7.5276299008713385,-1.3283
0.5,4.36,7.7743,-1.8181564120552274,7.447158031342219,-1.2418
0.5,4.38,7.7681,-1.8153085691824011,7.372912002970106,-1.1556
0.5,4.4,7.762,-1.812479279163537,7.301029995663981,-1.0694
0.5,4.42,7.7555,-1.8096683018297086,7.235528446907549,-0.983
0.5,4.44,7.7487,-1.8068754016455384,7.1702617153949575,-0.8962
0.5,4.46,7.7416,-1.8041003475907664,7.107209969647869,-0.8091
0.5,4.48,7.7337,-1.7986028756795485,7.045322978786658,-0.7212
0.5,4.5,7.7251,-1.7958800173440752,6.986771734266245,-0.6326
0.5,4.52,7.7157,-1.7904849854573692,6.924279286061882,-0.5432
0.5,4.54,7.7057,-1.785156151952302,6.869231719730976,-0.4532
0.5,4.56,7.6945,-1.779891911959945,6.8061799739838875,-0.362
0.5,4.58,7.6824,-1.7746907182741372,6.748188027006201,-0.2699
0.5,4.6,7.6695,-1.7670038896078462,6.690196080028514,-0.177
0.5,4.62,7.6552,-1.7594507517174003,6.623249290397901,-0.0827
0.5,4.64,7.6397,-1.7520267336381934,6.568201724066995,0.0128
0.5,4.66,7.623,-1.744727494896694,6.491361693834273,0.1095
0.5,4.68,7.6051,-1.7351821769904636,6.431363764158987,0.2074
0.5,4.7,7.5852,-1.7258421507363202,6.361727836017593,0.3073
0.5,4.72,7.5635,-1.7144426909922261,6.278753600952829,0.409
0.5,4.74,7.5402,-1.7033348097384688,6.204119982655925,0.5123
0.5,4.76,7.5156,-1.692503962086787,6.113943352306837,0.6169
0.5,4.78,7.4873,-1.6777807052660807,6.0,0.7252
0.5,4.8,7.4564,-1.6635402661514704,5.903089986991944,0.8361
0.5,4.82,7.4231,-1.6478174818886375,5.778151250383644,0.9494
0.5,4.84,7.3876,-1.6289321377282637,5.6020599913279625,1.0649
0.5,4.86,7.35,-1.6108339156354674,5.477121254719663,1.1825
0.5,4.88,7.3097,-1.5917600346881504,5.301029995663981,1.3028
0.5,4.9,7.2674,-1.5718652059712113,5.0,1.4252
0.6,3.4,8.0586,-1.9208187539523751,9.924362000942981,-5.288
0.6,3.42,8.0586,-1.9208187539523751,9.91124818832639,-5.208
0.6,3.44,8.0586,-1.9208187539523751,9.897819457628469,-5.128
0.6,3.46,8.0586,-1.9208187539523751,9.884211760377255,-5.048
0.6,3.48,8.0586,-1.9208187539523751,9.870433169419863,-4.968
0.6,3.5,8.0586,-1.9208187539523751,9.856372368918981,-4.8879
0.6,3.52,8.0585,-1.9208187539523751,9.841816053089333,-4.8079
0.6,3.54,8.0585,-1.9208187539523751,9.826573630669575,-4.7279
0.6,3.56,8.0585,-1.9208187539523751,9.810373674373695,-4.6478
0.6,3.58,8.0584,-1.9208187539523751,9.792937716578813,-4.5678
0.6,3.6,8.0583,-1.9208187539523751,9.773881482195762,-4.4877
0.6,3.62,8.0582,-1.9208187539523751,9.753000545293439,-4.4076
0.6,3.64,8.0581,-1.9208187539523751,9.731322789176444,-4.3275
0.6,3.66,8.058,-1.9208187539523751,9.708871109118354,-4.2474
0.6,3.68,8.0579,-1.9208187539523751,9.683857205400347,-4.1673
0.6,3.7,8.0577,-1.9208187539523751,9.656165306350893,-4.0871
0.6,3.72,8.0576,-1.9208187539523751,9.62601169875135,-4.007
0.6,3.74,8.0574,-1.9208187539523751,9.592920307995614,-3.9268
0.6,3.76,8.0571,-1.9208187539523751,9.553446086208256,-3.8465
0.6,3.78,8.0569,-1.9208187539523751,9.515648693707632,-3.7663
0.6,3.8,8.0565,-1.9208187539523751,9.474784264452135,-3.6859
0.6,3.82,8.0561,-1.9208187539523751,9.429461576757229,-3.6055
0.6,3.84,8.0557,-1.9208187539523751,9.3775430081774,-3.525
0.6,3.86,8.0551,-1.9208187539523751,9.318793504793296,-3.4445
0.6,3.88,8.0544,-1.9208187539523751,9.263565060960858,-3.3638
0.6,3.9,8.0535,-1.91721462968355,9.206286044412433,-3.2829
0.6,3.92,8.0525,-1.91721462968355,9.147830849943459,-3.2019
0.6,3.94,8.0512,-1.91721462968355,9.083144143143052,-3.1206
0.6,3.96,8.0497,-1.91721462968355,9.01346923230917,-3.0391
0.6,3.98,8.0479,-1.91721462968355,8.94156112023607,-2.9573
0.6,4.0,8.0461,-1.9136401693252518,8.872156272748294,-2.8755
0.6,4.02,8.0443,-1.9136401693252518,8.808750972349594,-2.7937
0.6,4.04,8.0426,-1.9136401693252518,8.749504423876143,-2.712
0.6,4.06,8.0409,-1.9136401693252518,8.692141609366784,-2.6303
0.6,4.08,8.0393,-1.9100948885606022,8.634980800051228,-2.5487
0.6,4.1,8.0376,-1.9100948885606022,8.576801895828913,-2.467
0.6,4.12,8.0358,-1.9100948885606022,8.516931808868012,-2.3852
0.6,4.14,8.034,-1.9100948885606022,8.45484486000851,-2.3033
0.6,4.16,8.032,-1.9065783148377649,8.389697548206385,-2.2214
0.6,4.18,8.0298,-1.9065783148377649,8.320769228338687,-2.1392
0.6,4.2,8.0275,-1.9065783148377649,8.246744709723842,-2.0569
0.6,4.22,8.0249,-1.9030899869919435,8.16761267272753,-1.9743
0.6,4.24,8.0221,-1.9030899869919435,8.082066934285113,-1.8915
0.6,4.26,8.0191,-1.9030899869919435,7.990782691803138,-1.8085
0.6,4.28,8.0158,-1.899629454882437,7.893206753059848,-1.7252
0.6,4.3,8.0122,-1.899629454882437,7.790285164033242,-1.6416
0.6,4.32,8.0085,-1.8961962790440432,7.683947130751512,-1.5579
0.6,4.34,8.0046,-1.8927900303521317,7.576341350205793,-1.474
0.6,4.36,8.0004,-1.8927900303521317,7.469822015978163,-1.3898
0.6,4.38,7.996,-1.889410289700751,7.367355921026019,-1.3054
0.6,4.4,7.992,-1.889410289700751,7.271841606536499,-1.2214
0.6,4.42,7.9879,-1.8860566476931633,7.184691430817598,-1.1373
0.6,4.44,7.9836,-1.8827287043442358,7.103803720955957,-1.053
0.6,4.46,7.9791,-1.8827287043442358,7.02938377768521,-0.9685
0.6,4.48,7.9744,-1.8794260687941502,6.963787827345556,-0.8838
0.6,4.5,7.9694,-1.8761483590329142,6.897627091290442,-0.7988
0.6,4.52,7.9642,-1.8728952016351923,6.832508912706237,-0.7136
0.6,4.54,7.9587,-1.8728952016351923,6.778151250383644,-0.6281
0.6,4.56,7.953,-1.869666231504994,6.7160033436347994,-0.5423
0.6,4.58,7.9468,-1.8664610916297826,6.662757831681574,-0.4562
0.6,4.6,7.9402,-1.8632794328435933,6.6020599913279625,-0.3696
0.6,4.62,7.9334,-1.8601209135987635,6.544068044350276,-0.2828
0.6,4.64,7.926,-1.853871964321762,6.491361693834273,-0.1954
0.6,4.66,7.9181,-1.85078088734462,6.431363764158987,-0.1075
0.6,4.68,7.9096,-1.8477116556169435,6.380211241711606,-0.019
0.6,4.7,7.9008,-1.8416375079047504,6.3222192947339195,0.0698
0.6,4.72,7.8912,-1.8386319977650252,6.2552725051033065,0.1594
0.6,4.74,7.8808,-1.832682665251824,6.204119982655925,0.2499
0.6,4.76,7.8696,-1.826813731587726,6.146128035678238,0.341
0.6,4.78,7.8575,-1.8210230527068305,6.079181246047625,0.4331
0.6,4.8,7.8447,-1.8153085691824011,6.0,0.5259
0.6,4.82,7.8306,-1.8068754016455384,5.903089986991944,0.62
0.6,4.84,7.8156,-1.7986028756795485,5.845098040014257,0.7151
0.6,4.86,7.7992,-1.7904849854573692,5.778151250383644,0.8114
0.6,4.88,7.7818,-1.7825160557860937,5.698970004336019,0.9088
0.6,4.9,7.7635,-1.7721132953863266,5.6020599913279625,1.0071
0.7,3.4,8.2138,-1.9665762445130504,9.92448087599158,-5.3763
0.7,3.42,8.2138,-1.9665762445130504,9.915120065804905,-5.2963
0.7,3.44,8.2138,-1.9665762445130504,9.905822854342716,-5.2163
0.7,3.46,8.2138,-1.9665762445130504,9.896415976473122,-5.1363
0.7,3.48,8.2138,-1.9665762445130504,9.886755733141255,-5.0563
0.7,3.5,8.2138,-1.9665762445130504,9.876731528813316,-4.9763
0.7,3.52,8.2138,-1.9665762445130504,9.866216428073848,-4.8963
0.7,3.54,8.2137,-1.9665762445130504,9.855034316675884,-4.8163
0.7,3.56,8.2137,-1.9665762445130504,9.842983470122217,-4.7362
0.7,3.58,8.2137,-1.9665762445130504,9.829786054370762,-4.6562
0.7,3.6,8.2136,-1.9665762445130504,9.815066121770807,-4.5761
0.7,3.62,8.2136,-1.9665762445130504,9.798602311096355,-4.4961
0.7,3.64,8.2135,-1.9665762445130504,9.781346011774065,-4.416
0.7,3.66,8.2134,-1.9665762445130504,9.76300847219266,-4.3359
0.7,3.68,8.2133,-1.9665762445130504,9.74386238781038,-4.2558
0.7,3.7,8.2132,-1.9665762445130504,9.723266807286873,-4.1757
0.7,3.72,8.2131,-1.9665762445130504,9.700954531955984,-4.0956
0.7,3.74,8.213,-1.9665762445130504,9.676839873659896,-4.0155
0.7,3.76,8.2128,-1.9665762445130504,9.649996507466042,-3.9353
0.7,3.78,8.2126,-1.9665762445130504,9.620666881958085,-3.8551
0.7,3.8,8.2124,-1.9665762445130504,9.585291490895498,-3.7749
0.7,3.82,8.2121,-1.9665762445130504,9.547590121770153,-3.6947
0.7,3.84,8.2118,-1.9625735020593764,9.504647534794033,-3.6143
0.7,3.86,8.2114,-1.9625735020593764,9.456335661823607,-3.5339
0.7,3.88,8.2109,-1.9625735020593764,9.401624523817265,-3.4534
0.7,3.9,8.2103,-1.9625735020593764,9.339570682001439,-3.3728
0.7,3.92,8.2096,-1.9625735020593764,9.275472601069419,-3.2921
0.7,3.94,8.2087,-1.9625735020593764,9.206610023899223,-3.2112
0.7,3.96,8.2076,-1.9625735020593764,9.138207932668163,-3.1301
0.7,3.98,8.2064,-1.9625735020593764,9.065915668188591,-3.0489
0.7,4.0,8.205,-1.9625735020593764,8.993480319069997,-2.9676
0.7,4.02,8.2037,-1.958607314841775,8.926548224635619,-2.8862
0.7,4.04,8.2024,-1.958607314841775,8.864807629026147,-2.8049
0.7,4.06,8.2012,-1.958607314841775,8.80672250307618,-2.7237
0.7,4.08,8.2,-1.958607314841775,8.750199727829182,-2.6425
0.7,4.1,8.1987,-1.958607314841775,8.693639026161549,-2.5613
0.7,4.12,8.1975,-1.958607314841775,8.636588183729842,-2.48
0.7,4.14,8.1962,-1.9546770212133424,8.578639209968072,-2.3987
0.7,4.16,8.1948,-1.9546770212133424,8.519302849235428,-2.3173
0.7,4.18,8.1933,-1.9546770212133424,8.458033192496506,-2.2358
0.7,4.2,8.1917,-1.9546770212133424,8.394276526767822,-2.1542
0.7,4.22,8.19,-1.9546770212133424,8.32735893438633,-2.0725
0.7,4.24,8.1882,-1.9507819773298183,8.256236533205923,-1.9907
0.7,4.26,8.1861,-1.9507819773298183,8.180125875164054,-1.9086
0.7,4.28,8.1839,-1.9507819773298183,8.09795107099415,-1.8264
0.7,4.3,8.1814,-1.9507819773298183,8.008174184006426,-1.744
0.7,4.32,8.1788,-1.9469215565165803,7.909556029241175,-1.6613
0.7,4.34,8.176,-1.9469215565165803,7.801403710017355,-1.5785
0.7,4.36,8.173,-1.9430951486635273,7.68304703823885,-1.4955
0.7,4.38,8.1697,-1.9430951486635273,7.557507201905658,-1.4122
0.7,4.4,8.1665,-1.9430951486635273,7.426511261364575,-1.329
0.7,4.42,8.1634,-1.9393021596463882,7.298853076409706,-1.2459
0.7,4.44,8.1601,-1.9393021596463882,7.17897694729317,-1.1627
0.7,4.46,8.1568,-1.9355420107730814,7.071882007306125,-1.0793
0.7,4.48,8.1534,-1.9355420107730814,6.973127853599698,-0.9959
0.7,4.5,8.1498,-1.9318141382538383,6.892094602690481,-0.9124
0.7,4.52,8.1461,-1.9318141382538383,6.812913356642856,-0.8286
0.7,4.54,8.1422,-1.9281179926938745,6.748188027006201,-0.7447
0.7,4.56,8.1382,-1.9281179926938745,6.681241237375588,-0.6607
0.7,4.58,8.134,-1.9244530386074692,6.6127838567197355,-0.5765
0.7,4.6,8.1296,-1.9244530386074692,6.556302500767288,-0.4921
0.7,4.62,8.1249,-1.9208187539523751,6.505149978319906,-0.4074
0.7,4.64,8.1199,-1.91721462968355,6.447158031342219,-0.3225
0.7,4.66,8.1148,-1.91721462968355,6.380211241711606,-0.2373
0.7,4.68,8.1093,-1.9136401693252518,6.342422680822207,-0.1518
0.7,4.7,8.1035,-1.9100948885606022,6.278753600952829,-0.066
0.7,4.72,8.0974,-1.9065783148377649,6.230448921378274,0.0201
0.7,4.74,8.0909,-1.9030899869919435,6.176091259055681,0.1066
0.7,4.76,8.084,-1.899629454882437,6.113943352306837,0.1935
0.7,4.78,8.0765,-1.8961962790440432,6.041392685158225,0.281
0.7,4.8,8.0685,-1.8927900303521317,6.0,0.369
0.7,4.82,8.06,-1.889410289700751,5.954242509439325,0.4575
0.7,4.84,8.0508,-1.8827287043442358,5.903089986991944,0.5467
0.7,4.86,8.0408,-1.8794260687941502,5.845098040014257,0.6366
0.7,4.88,8.0299,-1.8728952016351923,5.778151250383644,0.7276
0.7,4.9,8.0179,-1.8664610916297826,5.698970004336019,0.8196
0.8,3.4,8.3652,-2.0132282657337552,9.946904010665083,-5.4705
0.8,3.42,8.3652,-2.0132282657337552,9.941580993685116,-5.3905
0.8,3.44,8.3652,-2.0132282657337552,9.936242223569204,-5.3105
0.8,3.46,8.3652,-2.0132282657337552,9.930821728079435,-5.2305
0.8,3.48,8.3652,-2.0132282657337552,9.925260509519436,-5.1505
0.8,3.5,8.3652,-2.0132282657337552,9.91949648786306,-5.0705
0.8,3.52,8.3652,-2.0132282657337552,9.913448255626289,-4.9905
0.8,3.54,8.3652,-2.0132282657337552,9.906819715466545,-4.9105
0.8,3.56,8.3652,-2.0132282657337552,9.899262233976907,-4.8304
0.8,3.58,8.3652,-2.0132282657337552,9.890443375727736,-4.7504
0.8,3.6,8.3651,-2.0132282657337552,9.88058495606498,-4.6704
0.8,3.62,8.3651,-2.0132282657337552,9.869266931369596,-4.5903
0.8,3.64,8.365,-2.0132282657337552,9.857272173564041,-4.5103
0.8,3.66,8.365,-2.0132282657337552,9.844638685860533,-4.4302
0.8,3.68,8.3649,-2.0132282657337552,9.831332170149253,-4.3502
0.8,3.7,8.3648,-2.0132282657337552,9.817228115074553,-4.2701
0.8,3.72,8.3647,-2.0132282657337552,9.802000197831656,-4.19
0.8,3.74,8.3646,-2.0132282657337552,9.785820808516618,-4.1099
0.8,3.76,8.3645,-2.0132282657337552,9.768527108918713,-4.0298
0.8,3.78,8.3644,-2.0132282657337552,9.750130247505561,-3.9497
0.8,3.8,8.3642,-2.0132282657337552,9.728816241978217,-3.8695
0.8,3.82,8.3641,-2.0132282657337552,9.706145741121137,-3.7893
0.8,3.84,8.3638,-2.0132282657337552,9.677716424925897,-3.7091
0.8,3.86,8.3635,-2.008773924307505,9.631321987132138,-3.6288
0.8,3.88,8.3631,-2.008773924307505,9.584376461020028,-3.5484
0.8,3.9,8.3627,-2.008773924307505,9.52977672775919,-3.468
0.8,3.92,8.3622,-2.008773924307505,9.465932807742469,-3.3875
0.8,3.94,8.3616,-2.008773924307505,9.39532639306935,-3.3069
0.8,3.96,8.3609,-2.008773924307505,9.320167065254232,-3.2261
0.8,3.98,8.3599,-2.008773924307505,9.232640402026943,-3.1451
0.8,4.0,8.3586,-2.008773924307505,9.136847349957455,-3.0639
0.8,4.02,8.3574,-2.008773924307505,9.060471192797678,-2.9826
0.8,4.04,8.3562,-2.008773924307505,8.992862671389029,-2.9014
0.8,4.06,8.355,-2.008773924307505,8.930694387664536,-2.8203
0.8,4.08,8.354,-2.00436480540245,8.872097974274226,-2.7393
0.8,4.1,8.3531,-2.00436480540245,8.81504617606463,-2.6583
0.8,4.12,8.3521,-2.00436480540245,8.758230408457749,-2.5774
0.8,4.14,8.3511,-2.00436480540245,8.701136066092527,-2.4963
0.8,4.16,8.35,-2.00436480540245,8.643353961976864,-2.4153
0.8,4.18,8.3489,-2.00436480540245,8.584783378996507,-2.3342
0.8,4.2,8.3478,-2.00436480540245,8.524915147539867,-2.253
0.8,4.22,8.3465,-2.00436480540245,8.463445031770428,-2.1718
0.8,4.24,8.3452,-2.0,8.399846712712922,-2.0904
0.8,4.26,8.3437,-2.0,8.333648756514702,-2.0089
0.8,4.28,8.3421,-2.0,8.263872676865224,-1.9273
0.8,4.3,8.3403,-2.0,8.190051417759205,-1.8456
0.8,4.32,8.3385,-2.0,8.11058971029925,-1.7637
0.8,4.34,8.3364,-1.9956786262173574,8.024485667699167,-1.6817
0.8,4.36,8.3342,-1.9956786262173574,7.929929560084588,-1.5995
0.8,4.38,8.3319,-1.9956786262173574,7.8267225201689925,-1.5171
0.8,4.4,8.3294,-1.9956786262173574,7.713490543093942,-1.4347
0.8,4.42,8.327,-1.9913998282380825,7.5910646070264995,-1.3523
0.8,4.44,8.3245,-1.9913998282380825,7.459392487759231,-1.2697
0.8,4.46,8.3218,-1.9913998282380825,7.315970345456917,-1.1871
0.8,4.48,8.3191,-1.9871627752948278,7.1673173347481764,-1.1043
0.8,4.5,8.3162,-1.9871627752948278,7.021189299069938,-1.0215
0.8,4.52,8.3133,-1.9871627752948278,6.892094602690481,-0.9386
0.8,4.54,8.3103,-1.9829666607012197,6.778151250383644,-0.8555
0.8,4.56,8.3072,-1.9829666607012197,6.690196080028514,-0.7724
0.8,4.58,8.304,-1.978810700930062,6.6020599913279625,-0.6893
0.8,4.6,8.3008,-1.978810700930062,6.531478917042255,-0.606
0.8,4.62,8.2974,-1.978810700930062,6.4623979978989565,-0.5226
0.8,4.64,8.2938,-1.9746941347352298,6.414973347970818,-0.4391
0.8,4.66,8.2901,-1.9746941347352298,6.342422680822207,-0.3554
0.8,4.68,8.2862,-1.9706162223147903,6.301029995663981,-0.2715
0.8,4.7,8.2821,-1.9706162223147903,6.230448921378274,-0.1874
0.8,4.72,8.2778,-1.9665762445130504,6.176091259055681,-0.1031
0.8,4.74,8.2733,-1.9665762445130504,6.146128035678238,-0.0185
0.8,4.76,8.2685,-1.9625735020593764,6.079181246047625,0.0663
0.8,4.78,8.2634,-1.958607314841775,6.041392685158225,0.1513
0.8,4.8,8.258,-1.958607314841775,5.954242509439325,0.2367
0.8,4.82,8.2523,-1.9546770212133424,5.903089986991944,0.3225
0.8,4.84,8.2461,-1.9507819773298183,5.845098040014257,0.4086
0.8,4.86,8.2395,-1.9469215565165803,5.778151250383644,0.4952
0.8,4.88,8.2322,-1.9430951486635273,5.778151250383644,0.5825
0.8,4.9,8.2243,-1.9393021596463882,5.698970004336019,0.6704
0.9,3.4,8.5161,-2.0604807473813813,9.935053589231066,-5.5692
0.9,3.42,8.5161,-2.0604807473813813,9.931844190392194,-5.4892
0.9,3.44,8.5161,-2.0604807473813813,9.928616016520747,-5.4092
0.9,3.46,8.5161,-2.0604807473813813,9.925358510044274,-5.3292
0.9,3.48,8.5161,-2.0604807473813813,9.922076385264607,-5.2492
0.9,3.5,8.5161,-2.0604807473813813,9.91876926724531,-5.1692
0.9,3.52,8.516,-2.0604807473813813,9.91537872682655,-5.0892
0.9,3.54,8.516,-2.0604807473813813,9.911546434594614,-5.0092
0.9,3.56,8.516,-2.0604807473813813,9.906830479851221,-4.9291
0.9,3.58,8.516,-2.0604807473813813,9.900913067737669,-4.8491
0.9,3.6,8.516,-2.0604807473813813,9.894255124234563,-4.7691
0.9,3.62,8.5159,-2.0604807473813813,9.886377906758572,-4.6891
0.9,3.64,8.5159,-2.0604807473813813,9.877872166008192,-4.609
0.9,3.66,8.5159,-2.0604807473813813,9.86885595117463,-4.529
0.9,3.68,8.5158,-2.0604807473813813,9.859156317438593,-4.449
0.9,3.7,8.5158,-2.0604807473813813,9.848589345869172,-4.3689
0.9,3.72,8.5157,-2.0604807473813813,9.837045230557559,-4.2888
0.9,3.74,8.5157,-2.0604807473813813,9.824620400493187,-4.2088
0.9,3.76,8.5156,-2.0604807473813813,9.811695626474592,-4.1287
0.9,3.78,8.5155,-2.0604807473813813,9.798084105211313,-4.0486
0.9,3.8,8.5154,-2.0604807473813813,9.782737706547561,-3.9685
0.9,3.82,8.5153,-2.0604807473813813,9.76696280340645,-3.8884
0.9,3.84,8.5151,-2.0604807473813813,9.746587498095348,-3.8082
0.9,3.86,8.5148,-2.0604807473813813,9.707289071065855,-3.7279
0.9,3.88,8.5146,-2.0604807473813813,9.668227454174858,-3.6477
0.9,3.9,8.5143,-2.0604807473813813,9.62273196516472,-3.5674
0.9,3.92,8.5139,-2.0604807473813813,9.571079638931142,-3.4871
0.9,3.94,8.5135,-2.0604807473813813,9.51160264922777,-3.4067
0.9,3.96,8.513,-2.0604807473813813,9.442056243088226,-3.3261
0.9,3.98,8.5123,-2.0604807473813813,9.358886204405868,-3.2454
0.9,4.0,8.5112,-2.0604807473813813,9.264628958261223,-3.1644
0.9,4.02,8.5101,-2.0604807473813813,9.182471717605374,-3.0833
0.9,4.04,8.5091,-2.0604807473813813,9.105476121121821,-3.0022
0.9,4.06,8.5081,-2.0555173278498313,9.036069700697702,-2.9213
0.9,4.08,8.5073,-2.0555173278498313,8.977266212427292,-2.8404
0.9,4.1,8.5066,-2.0555173278498313,8.920957705955448,-2.7597
0.9,4.12,8.5058,-2.0555173278498313,8.865163219506087,-2.6789
0.9,4.14,8.505,-2.0555173278498313,8.809357670211106,-2.5982
0.9,4.16,8.5042,-2.0555173278498313,8.753276570184418,-2.5174
0.9,4.18,8.5034,-2.0555173278498313,8.696793085081744,-2.4365
0.9,4.2,8.5025,-2.0555173278498313,8.639586086673427,-2.3557
0.9,4.22,8.5016,-2.0555173278498313,8.5814945422909,-2.2747
0.9,4.24,8.5006,-2.0555173278498313,8.522313795156668,-2.1937
0.9,4.26,8.4995,-2.0555173278498313,8.461948495203762,-2.1126
0.9,4.28,8.4984,-2.050609993355087,8.399673721481038,-2.0315
0.9,4.3,8.4971,-2.050609993355087,8.33505651943909,-1.9502
0.9,4.32,8.4957,-2.050609993355087,8.267406418752904,-1.8688
0.9,4.34,8.4943,-2.050609993355087,8.196452541703389,-1.7874
0.9,4.36,8.4927,-2.050609993355087,8.119915410257992,-1.7058
0.9,4.38,8.491,-2.050609993355087,8.037027879755774,-1.6242
0.9,4.4,8.4892,-2.050609993355087,7.946452265013073,-1.5424
0.9,4.42,8.4874,-2.0457574905606752,7.845718017966659,-1.4606
0.9,4.44,8.4856,-2.0457574905606752,7.733197265106569,-1.3787
0.9,4.46,8.4836,-2.0457574905606752,7.605305046141109,-1.2967
0.9,4.48,8.4814,-2.0457574905606752,7.460897842756548,-1.2145
0.9,4.5,8.4791,-2.040958607678906,7.303196057420489,-1.1322
0.9,4.52,8.4767,-2.040958607678906,7.139879086401237,-1.0498
0.9,4.54,8.4742,-2.040958607678906,6.968482948553935,-0.9674
0.9,4.56,8.4717,-2.040958607678906,6.812913356642856,-0.8849
0.9,4.58,8.4692,-2.036212172654445,6.672097857935717,-0.8023
0.9,4.6,8.4667,-2.036212172654445,6.568201724066995,-0.7198
0.9,4.62,8.4641,-2.036212172654445,6.477121254719663,-0.6372
0.9,4.64,8.4615,-2.036212172654445,6.3979400086720375,-0.5547
0.9,4.66,8.4588,-2.0315170514460648,6.3222192947339195,-0.4719
0.9,4.68,8.456,-2.0315170514460648,6.2552725051033065,-0.3891
0.9,4.7,8.453,-2.0315170514460648,6.204119982655925,-0.3062
0.9,4.72,8.45,-2.0268721464003012,6.146128035678238,-0.2232
0.9,4.74,8.4469,-2.0268721464003012,6.079181246047625,-0.14
0.9,4.76,8.4435,-2.0268721464003012,6.041392685158225,-0.0566
0.9,4.78,8.44,-2.0222763947111524,6.0,0.0269
0.9,4.8,8.4364,-2.0222763947111524,5.954242509439325,0.1105
0.9,4.82,8.4325,-2.0177287669604316,5.903089986991944,0.1944
0.9,4.84,8.4284,-2.0177287669604316,5.845098040014257,0.2785
0.9,4.86,8.4241,-2.0177287669604316,5.778151250383644,0.3628
0.9,4.88,8.4195,-2.0132282657337552,5.698970004336019,0.4474
0.9,4.9,8.4146,-2.008773924307505,5.698970004336019,0.5323
1.0,3.4,8.6702,-2.113509274827518,9.826476501314866,-5.6771
1.0,3.42,8.6701,-2.113509274827518,9.824093276888016,-5.5971
1.0,3.44,8.6701,-2.113509274827518,9.821696902136926,-5.5171
1.0,3.46,8.6701,-2.113509274827518,9.819234555057717,-5.4371
1.0,3.48,8.6701,-2.113509274827518,9.816658817589689,-5.3571
1.0,3.5,8.6701,-2.113509274827518,9.813914420048604,-5.2771
1.0,3.52,8.6701,-2.113509274827518,9.810924417503951,-5.1971
1.0,3.54,8.6701,-2.113509274827518,9.807609433521854,-5.1171
1.0,3.56,8.6701,-2.113509274827518,9.803873456325055,-5.0371
1.0,3.58,8.6701,-2.113509274827518,9.799567977480056,-4.9571
1.0,3.6,8.6701,-2.113509274827518,9.794550781298625,-4.877
1.0,3.62,8.6701,-2.113509274827518,9.788642017167712,-4.797
1.0,3.64,8.67,-2.113509274827518,9.78205676374009,-4.717
1.0,3.66,8.67,-2.113509274827518,9.774838005983815,-4.637
1.0,3.68,8.67,-2.113509274827518,9.766799375619394,-4.5569
1.0,3.7,8.6699,-2.113509274827518,9.757934766327757,-4.4769
1.0,3.72,8.6699,-2.113509274827518,9.748211292158848,-4.3969
1.0,3.74,8.6699,-2.113509274827518,9.737574272326748,-4.3168
1.0,3.76,8.6698,-2.113509274827518,9.72596877254668,-4.2368
1.0,3.78,8.6697,-2.113509274827518,9.713347714848314,-4.1567
1.0,3.8,8.6697,-2.113509274827518,9.698787562338117,-4.0766
1.0,3.82,8.6696,-2.113509274827518,9.683362282860285,-3.9965
1.0,3.84,8.6695,-2.113509274827518,9.666077847246061,-3.9164
1.0,3.86,8.6694,-2.113509274827518,9.646805483311276,-3.8363
1.0,3.88,8.6692,-2.113509274827518,9.6253639046057,-3.7562
1.0,3.9,8.6691,-2.113509274827518,9.60039562981017,-3.676
1.0,3.92,8.6688,-2.113509274827518,9.570624654273885,-3.5958
1.0,3.94,8.6686,-2.113509274827518,9.53557258697551,-3.5155
1.0,3.96,8.6683,-2.113509274827518,9.492215433604093,-3.4352
1.0,3.98,8.6679,-2.113509274827518,9.44046826982215,-3.3548
1.0,4.0,8.6674,-2.113509274827518,9.379740500992257,-3.2743
1.0,4.02,8.6668,-2.113509274827518,9.31194448508462,-3.1938
1.0,4.04,8.6662,-2.113509274827518,9.242591115900051,-3.1132
1.0,4.06,8.6656,-2.113509274827518,9.168733128934079,-3.0326
1.0,4.08,8.6651,-2.113509274827518,9.094191524909531,-2.952
1.0,4.1,8.6645,-2.113509274827518,9.024895960107486,-2.8715
1.0,4.12,8.664,-2.113509274827518,8.96960226484854,-2.7909
1.0,4.14,8.6634,-2.113509274827518,8.916822284595913,-2.7103
1.0,4.16,8.6628,-2.113509274827518,8.863144346252668,-2.6298
1.0,4.18,8.6622,-2.113509274827518,8.808885867359812,-2.5492
1.0,4.2,8.6615,-2.113509274827518,8.754195388189839,-2.4685
1.0,4.22,8.6609,-2.113509274827518,8.69888313675259,-2.3878
1.0,4.24,8.6601,-2.113509274827518,8.642958879409791,-2.3071
1.0,4.26,8.6593,-2.113509274827518,8.586362223307866,-2.2263
1.0,4.28,8.6585,-2.1079053973095196,8.528916700277655,-2.1454
1.0,4.3,8.6575,-2.1079053973095196,8.470116353151004,-2.0645
1.0,4.32,8.6565,-2.1079053973095196,8.409933123331294,-1.9834
1.0,4.34,8.6554,-2.1079053973095196,8.347525159998689,-1.9023
1.0,4.36,8.6542,-2.1079053973095196,8.282395504742526,-1.8212
1.0,4.38,8.653,-2.1079053973095196,8.214048679411942,-1.7399
1.0,4.4,8.6516,-2.1079053973095196,8.141763230275789,-1.6586
1.0,4.42,8.6502,-2.1079053973095196,8.064832219738573,-1.5771
1.0,4.44,8.6488,-2.1079053973095196,7.982271233039568,-1.4958
1.0,4.46,8.6474,-2.1023729087095586,7.892094602690481,-1.4144
1.0,4.48,8.6459,-2.1023729087095586,7.792391689498254,-1.3328
1.0,4.5,8.6442,-2.1023729087095586,7.679427896612119,-1.2512
1.0,4.52,8.6424,-2.1023729087095586,7.549003262025788,-1.1694
1.0,4.54,8.6405,-2.1023729087095586,7.396199347095736,-1.0874
1.0,4.56,8.6384,-2.1023729087095586,7.214843848047698,-1.0053
1.0,4.58,8.6361,-2.0969100130080562,7.008600171761918,-0.923
1.0,4.6,8.6337,-2.0969100130080562,6.7923916894982534,-0.8407
1.0,4.62,8.6315,-2.0969100130080562,6.6127838567197355,-0.7584
1.0,4.64,8.6292,-2.0969100130080562,6.477121254719663,-0.6762
1.0,4.66,8.6271,-2.0969100130080562,6.361727836017593,-0.594
1.0,4.68,8.6249,-2.0915149811213505,6.278753600952829,-0.5118
1.0,4.7,8.6227,-2.0915149811213505,6.204119982655925,-0.4296
1.0,4.72,8.6203,-2.0915149811213505,6.113943352306837,-0.3473
1.0,4.74,8.618,-2.0915149811213505,6.041392685158225,-0.2649
1.0,4.76,8.6155,-2.0915149811213505,6.0,-0.1825
1.0,4.78,8.613,-2.0861861476162833,5.954242509439325,-0.0999
1.0,4.8,8.6103,-2.0861861476162833,5.903089986991944,-0.0172
1.0,4.82,8.6075,-2.0861861476162833,5.845098040014257,0.0656
1.0,4.84,8.6046,-2.0809219076239263,5.778151250383644,0.1484
1.0,4.86,8.6015,-2.0809219076239263,5.698970004336019,0.2315
1.0,4.88,8.5983,-2.0809219076239263,5.698970004336019,0.3148
1.0,4.9,8.5948,-2.0809219076239263,5.6020599913279625,0.3982
1.1,3.4,8.8588,-2.1870866433571443,9.68299297331998,-5.8243
1.1,3.42,8.8587,-2.1870866433571443,9.680951611168185,-5.7443
1.1,3.44,8.8587,-2.1870866433571443,9.678900608444723,-5.6643
1.1,3.46,8.8587,-2.1870866433571443,9.676839873659896,-5.5843
1.1,3.48,8.8587,-2.1870866433571443,9.674769314015427,-5.5043
1.1,3.5,8.8587,-2.1870866433571443,9.67268883537939,-5.4243
1.1,3.52,8.8587,-2.1870866433571443,9.670589069893687,-5.3443
1.1,3.54,8.8587,-2.1870866433571443,9.668441830834906,-5.2643
1.1,3.56,8.8587,-2.1870866433571443,9.665993515491001,-5.1843
1.1,3.58,8.8587,-2.1870866433571443,9.663144747837109,-5.1043
1.1,3.6,8.8587,-2.1870866433571443,9.659754616268103,-5.0243
1.1,3.62,8.8587,-2.1870866433571443,9.655695358099587,-4.9443
1.1,3.64,8.8587,-2.1870866433571443,9.651093787537624,-4.8642
1.1,3.66,8.8586,-2.1870866433571443,9.645952531517818,-4.7842
1.1,3.68,8.8586,-2.1870866433571443,9.64017324689147,-4.7042
1.1,3.7,8.8586,-2.1870866433571443,9.633700690524236,-4.6242
1.1,3.72,8.8586,-2.1870866433571443,9.626473817986867,-4.5442
1.1,3.74,8.8586,-2.1870866433571443,9.618435126515527,-4.4641
1.1,3.76,8.8585,-2.1870866433571443,9.609477016473619,-4.3841
1.1,3.78,8.8585,-2.1870866433571443,9.599533750130943,-4.3041
1.1,3.8,8.8584,-2.1870866433571443,9.587789512472801,-4.224
1.1,3.82,8.8584,-2.1870866433571443,9.575002999433531,-4.144
1.1,3.84,8.8583,-2.1870866433571443,9.560659705949801,-4.0639
1.1,3.86,8.8582,-2.1870866433571443,9.544440137317693,-3.9838
1.1,3.88,8.8581,-2.1870866433571443,9.526442668529935,-3.9037
1.1,3.9,8.858,-2.1870866433571443,9.5056925074122,-3.8236
1.1,3.92,8.8579,-2.1870866433571443,9.482330375930802,-3.7435
1.1,3.94,8.8577,-2.1870866433571443,9.455225653090253,-3.6633
1.1,3.96,8.8575,-2.1870866433571443,9.42388455444914,-3.5831
1.1,3.98,8.8572,-2.1870866433571443,9.388083431383649,-3.5028
1.1,4.0,8.8569,-2.1870866433571443,9.34861635273833,-3.4225
1.1,4.02,8.8566,-2.1870866433571443,9.306189050400425,-3.3422
1.1,4.04,8.8562,-2.1870866433571443,9.264487255780688,-3.2618
1.1,4.06,8.8558,-2.1870866433571443,9.222352239247803,-3.1814
1.1,4.08,8.8553,-2.1870866433571443,9.180326625415148,-3.1009
1.1,4.1,8.8548,-2.1870866433571443,9.138839312414321,-3.0204
1.1,4.12,8.8543,-2.1870866433571443,9.09642333059527,-2.9399
1.1,4.14,8.8538,-2.1870866433571443,9.052039507001473,-2.8593
1.1,4.16,8.8532,-2.1870866433571443,9.005395031886707,-2.7788
1.1,4.18,8.8526,-2.1870866433571443,8.955591550405725,-2.6982
1.1,4.2,8.852,-2.1870866433571443,8.902111723448005,-2.6175
1.1,4.22,8.8512,-2.1870866433571443,8.844539302129007,-2.5368
1.1,4.24,8.8504,-2.1870866433571443,8.782329268996836,-2.456
1.1,4.26,8.8496,-2.1870866433571443,8.715083670694927,-2.3752
1.1,4.28,8.8487,-2.1870866433571443,8.644241585843728,-2.2943
1.1,4.3,8.8482,-2.1870866433571443,8.580582876814367,-2.2138
1.1,4.32,8.8474,-2.1870866433571443,8.523095838252567,-2.133
1.1,4.34,8.8467,-2.1804560644581312,8.465085287557432,-2.0522
1.1,4.36,8.8458,-2.1804560644581312,8.405858399317637,-1.9714
1.1,4.38,8.845,-2.1804560644581312,8.345569756056392,-1.8906
1.1,4.4,8.8441,-2.1804560644581312,8.28330122870355,-1.8097
1.1,4.42,8.8431,-2.1804560644581312,8.218535505216527,-1.7287
1.1,4.44,8.8421,-2.1804560644581312,8.15075643986031,-1.6477
1.1,4.46,8.8411,-2.1804560644581312,8.07990446766672,-1.5667
1.1,4.48,8.84,-2.1804560644581312,8.004321373782643,-1.4856
1.1,4.5,8.8389,-2.1804560644581312,7.923244018630276,-1.4045
1.1,4.52,8.8377,-2.1804560644581312,7.835690571492425,-1.3232
1.1,4.54,8.8363,-2.1804560644581312,7.738780558484369,-1.2419
1.1,4.56,8.8349,-2.1804560644581312,7.629409599102719,-1.1605
1.1,4.58,8.8334,-2.1739251972991736,7.502427119984433,-1.079
1.1,4.6,8.8317,-2.1739251972991736,7.348304863048161,-0.9973
1.1,4.62,8.8298,-2.1739251972991736,7.158362492095249,-0.9154
1.1,4.64,8.8277,-2.1739251972991736,6.919078092376074,-0.8333
1.1,4.66,8.8255,-2.1739251972991736,6.653212513775344,-0.7511
1.1,4.68,8.8234,-2.1739251972991736,6.431363764158987,-0.669
1.1,4.7,8.8216,-2.1739251972991736,6.278753600952829,-0.5872
1.1,4.72,8.8198,-2.167491087293764,6.146128035678238,-0.5054
1.1,4.74,8.818,-2.167491087293764,6.041392685158225,-0.4236
1.1,4.76,8.8162,-2.167491087293764,5.954242509439325,-0.3417
1.1,4.78,8.8143,-2.167491087293764,5.903089986991944,-0.2599
1.1,4.8,8.8124,-2.167491087293764,5.845098040014257,-0.178
1.1,4.82,8.8104,-2.167491087293764,5.778151250383644,-0.096
1.1,4.84,8.8083,-2.167491087293764,5.698970004336019,-0.0139
1.1,4.86,8.8062,-2.161150909262745,5.6020599913279625,0.0682
1.1,4.88,8.804,-2.161150909262745,5.6020599913279625,0.1504
1.1,4.9,8.8016,-2.161150909262745,5.477121254719663,0.2328
1.2,3.4,9.1158,-2.3010299956639813,9.573034141907423,-6.0436
1.2,3.42,9.1158,-2.3010299956639813,9.572069623697134,-5.9636
1.2,3.44,9.1158,-2.3010299956639813,9.571102958633775,-5.8836
1.2,3.46,9.1157,-2.3010299956639813,9.570134137138968,-5.8036
1.2,3.48,9.1157,-2.3010299956639813,9.569174861145138,-5.7236
1.2,3.5,9.1157,-2.3010299956639813,9.568201724066995,-5.6436
1.2,3.52,9.1157,-2.3010299956639813,9.567214637314887,-5.5636
1.2,3.54,9.1157,-2.3010299956639813,9.566154548823162,-5.4836
1.2,3.56,9.1157,-2.3010299956639813,9.565009104212596,-5.4036
1.2,3.58,9.1157,-2.3010299956639813,9.563670899419243,-5.3236
1.2,3.6,9.1157,-2.3010299956639813,9.562054829656379,-5.2436
1.2,3.62,9.1157,-2.3010299956639813,9.560086048497414,-5.1636
1.2,3.64,9.1157,-2.3010299956639813,9.557795833605628,-5.0836
1.2,3.66,9.1156,-2.3010299956639813,9.555179121698849,-5.0036
1.2,3.68,9.1156,-2.3010299956639813,9.552205695670722,-4.9236
1.2,3.7,9.1156,-2.3010299956639813,9.54878237816145,-4.8436
1.2,3.72,9.1156,-2.3010299956639813,9.5449109978823,-4.7635
1.2,3.74,9.1156,-2.3010299956639813,9.540542189438293,-4.6835
1.2,3.76,9.1156,-2.3010299956639813,9.535623198149311,-4.6035
1.2,3.78,9.1156,-2.3010299956639813,9.53011001161644,-4.5235
1.2,3.8,9.1155,-2.3010299956639813,9.523538371703653,-4.4435
1.2,3.82,9.1155,-2.3010299956639813,9.51627088272934,-4.3634
1.2,3.84,9.1155,-2.3010299956639813,9.508004207829329,-4.2834
1.2,3.86,9.1154,-2.3010299956639813,9.498544871715604,-4.2034
1.2,3.88,9.1154,-2.3010299956639813,9.487788622845596,-4.1233
1.2,3.9,9.1153,-2.3010299956639813,9.475336987090621,-4.0432
1.2,3.92,9.1152,-2.3010299956639813,9.460972973711135,-3.9632
1.2,3.94,9.1151,-2.3010299956639813,9.444263450317152,-3.8831
1.2,3.96,9.115,-2.3010299956639813,9.424669335565875,-3.803
1.2,3.98,9.1149,-2.3010299956639813,9.401538390165943,-3.7229
1.2,4.0,9.1148,-2.3010299956639813,9.374601723968906,-3.6427
1.2,4.02,9.1146,-2.3010299956639813,9.344038405543932,-3.5625
1.2,4.04,9.1144,-2.3010299956639813,9.311181486433018,-3.4823
1.2,4.06,9.1141,-2.3010299956639813,9.277677962606253,-3.4021
1.2,4.08,9.1139,-2.2924298239020637,9.245068275718399,-3.3218
1.2,4.1,9.1137,-2.2924298239020637,9.213995616368084,-3.2416
1.2,4.12,9.1134,-2.2924298239020637,9.183782151277061,-3.1614
1.2,4.14,9.113,-2.2924298239020637,9.152441238058955,-3.081
1.2,4.16,9.1126,-2.2924298239020637,9.120935692561131,-3.0006
1.2,4.18,9.1122,-2.2924298239020637,9.088809166461292,-2.9201
1.2,4.2,9.1113,-2.2924298239020637,9.054229909863396,-2.8393
1.2,4.22,9.1105,-2.2924298239020637,9.018076063645795,-2.7584
1.2,4.24,9.1096,-2.2924298239020637,8.980503318193396,-2.6776
1.2,4.26,9.1087,-2.2924298239020637,8.940864975966722,-2.5966
1.2,4.28,9.1058,-2.2924298239020637,8.896195410454212,-2.5138
1.2,4.3,9.1021,-2.2924298239020637,8.847572659142113,-2.4301
1.2,4.32,9.0996,-2.2924298239020637,8.797406049676383,-2.3475
1.2,4.34,9.0954,-2.283996656365201,8.740836207057312,-2.2634
1.2,4.36,9.0904,-2.283996656365201,8.678427322433867,-2.1784
1.2,4.38,9.0851,-2.283996656365201,8.61331316145546,-2.093
1.2,4.4,9.0803,-2.283996656365201,8.545430829465351,-2.0083
1.2,4.42,9.0735,-2.275724130399211,8.464936429121733,-1.9215
1.2,4.44,9.0685,-2.275724130399211,8.38003024796783,-1.8364
1.2,4.46,9.0673,-2.275724130399211,8.311541958401195,-1.7552
1.2,4.48,9.0665,-2.275724130399211,8.247727832909723,-1.6744
1.2,4.5,9.0656,-2.275724130399211,8.181271771559462,-1.5935
1.2,4.52,9.0647,-2.275724130399211,8.111934276332681,-1.5126
1.2,4.54,9.0637,-2.275724130399211,8.039017321997411,-1.4316
1.2,4.56,9.0626,-2.2676062401770314,7.96189547366785,-1.3506
1.2,4.58,9.0615,-2.2676062401770314,7.879669205632053,-1.2694
1.2,4.6,9.0603,-2.2676062401770314,7.790285164033242,-1.1882
1.2,4.62,9.0589,-2.2676062401770314,7.691081492122969,-1.1069
1.2,4.64,9.0575,-2.2676062401770314,7.580924975675619,-1.0255
1.2,4.66,9.056,-2.2676062401770314,7.453318340047038,-0.9439
1.2,4.68,9.0542,-2.2676062401770314,7.305351369446623,-0.8622
1.2,4.7,9.0523,-2.2676062401770314,7.127104798364807,-0.7803
1.2,4.72,9.0503,-2.2676062401770314,6.924279286061882,-0.6982
1.2,4.74,9.0481,-2.2676062401770314,6.662757831681574,-0.6161
1.2,4.76,9.0457,-2.2596373105057563,6.3222192947339195,-0.5336
1.2,4.78,9.0435,-2.2596373105057563,6.041392685158225,-0.4515
1.2,4.8,9.0418,-2.2596373105057563,5.903089986991944,-0.3697
1.2,4.82,9.0401,-2.2596373105057563,5.778151250383644,-0.288
1.2,4.84,9.0384,-2.2596373105057563,5.698970004336019,-0.2064
1.2,4.86,9.0368,-2.2596373105057563,5.6020599913279625,-0.1247
1.2,4.88,9.0351,-2.2596373105057563,5.477121254719663,-0.043
1.2,4.9,9.0334,-2.2596373105057563,5.477121254719663,0.0387
1.3,3.4,9.5034,-2.4814860601221125,9.362067585727399,-6.3965
1.3,3.42,9.5032,-2.4814860601221125,9.361614527024846,-6.3163
1.3,3.44,9.503,-2.4814860601221125,9.361142087753333,-6.2361
1.3,3.46,9.5028,-2.4814860601221125,9.360688062030679,-6.1558
1.3,3.48,9.5026,-2.4814860601221125,9.360233561157832,-6.0756
1.3,3.5,9.5024,-2.4814860601221125,9.359759616415701,-5.9954
1.3,3.52,9.5022,-2.4814860601221125,9.359304142349933,-5.9152
1.3,3.54,9.502,-2.4814860601221125,9.358829181693324,-5.835
1.3,3.56,9.5018,-2.4814860601221125,9.35837273025802,-5.7548
1.3,3.58,9.5016,-2.4814860601221125,9.357934847000454,-5.6746
1.3,3.6,9.5015,-2.4814860601221125,9.357534654597579,-5.5944
1.3,3.62,9.5015,-2.4814860601221125,9.357076839842412,-5.5144
1.3,3.64,9.5015,-2.4814860601221125,9.35654211194876,-5.4344
1.3,3.66,9.5015,-2.4814860601221125,9.355930187078869,-5.3544
1.3,3.68,9.5014,-2.4814860601221125,9.355221572460414,-5.2744
1.3,3.7,9.5015,-2.4814860601221125,9.35437738783325,-5.1944
1.3,3.72,9.5015,-2.4814860601221125,9.353377594888645,-5.1144
1.3,3.74,9.5014,-2.4814860601221125,9.352182518111363,-5.0344
1.3,3.76,9.5014,-2.4814860601221125,9.350790547426456,-4.9544
1.3,3.78,9.5014,-2.4814860601221125,9.349180358996378,-4.8744
1.3,3.8,9.5014,-2.4814860601221125,9.347193361847937,-4.7944
1.3,3.82,9.5014,-2.4814860601221125,9.344961788789682,-4.7143
1.3,3.84,9.5014,-2.4814860601221125,9.342323966312883,-4.6343
1.3,3.86,9.5014,-2.4814860601221125,9.339292402768766,-4.5543
1.3,3.88,9.5014,-2.4814860601221125,9.33577873881047,-4.4743
1.3,3.9,9.5013,-2.4814860601221125,9.331609479764094,-4.3943
1.3,3.92,9.5013,-2.4814860601221125,9.32668397638188,-4.3142
1.3,3.94,9.5013,-2.4814860601221125,9.320852219831755,-4.2342
1.3,3.96,9.5013,-2.4814860601221125,9.313825053809394,-4.1542
1.3,3.98,9.5012,-2.4814860601221125,9.305437359840312,-4.0742
1.3,4.0,9.5012,-2.4814860601221125,9.295391147571982,-3.9941
1.3,4.02,9.5011,-2.4814860601221125,9.283346465356047,-3.914
1.3,4.04,9.501,-2.4814860601221125,9.26876512744786,-3.834
1.3,4.06,9.501,-2.4814860601221125,9.251905770472128,-3.7539
1.3,4.08,9.5009,-2.4814860601221125,9.233097687864703,-3.6738
1.3,4.1,9.5007,-2.4814860601221125,9.213623993416087,-3.5937
1.3,4.12,9.5006,-2.4814860601221125,9.194097885578952,-3.5136
1.3,4.14,9.5006,-2.4814860601221125,9.174670241487048,-3.4335
1.3,4.16,9.5005,-2.4814860601221125,9.155062619223921,-3.3534
1.3,4.18,9.5003,-2.4814860601221125,9.134973540005916,-3.2733
1.3,4.2,9.5003,-2.4814860601221125,9.114610984232174,-3.1932
1.3,4.22,9.5002,-2.4814860601221125,9.093631776828948,-3.1132
1.3,4.24,9.5001,-2.4814860601221125,9.072065991414746,-3.0331
1.3,4.26,9.5,-2.4814860601221125,9.049876719873883,-2.953
1.3,4.28,9.4999,-2.4814860601221125,9.027104865879352,-2.8729
1.3,4.3,9.4998,-2.4814860601221125,9.003805073565026,-2.7928
1.3,4.32,9.4999,-2.4814860601221125,8.980185236947335,-2.7129
1.3,4.34,9.5003,-2.4814860601221125,8.956360553673322,-2.6333
1.3,4.36,9.5009,-2.4814860601221125,8.932321531989293,-2.5538
1.3,4.38,9.5008,-2.4814860601221125,8.905472061924705,-2.4738
1.3,4.4,9.5001,-2.4814860601221125,8.87627558867788,-2.3931
1.3,4.42,9.499,-2.4814860601221125,8.845408139621794,-2.312
1.3,4.44,9.4955,-2.4814860601221125,8.810232517995084,-2.2284
1.3,4.46,9.4899,-2.468521082957745,8.76893394218678,-2.1428
1.3,4.48,9.481,-2.468521082957745,8.720324717417443,-2.0539
1.3,4.5,9.4712,-2.468521082957745,8.665956029453957,-1.9642
1.3,4.52,9.4488,-2.4559319556497243,8.583538819254352,-1.8617
1.3,4.54,9.3917,-2.42021640338319,8.40739090447073,-1.7246
1.3,4.56,9.3757,-2.408935392973501,8.288025535388362,-1.6286
1.3,4.58,9.3741,-2.408935392973501,8.215637563435061,-1.5471
1.3,4.6,9.3732,-2.408935392973501,8.147985320683805,-1.4662
1.3,4.62,9.3723,-2.408935392973501,8.07700432679335,-1.3852
1.3,4.64,9.3712,-2.408935392973501,8.003029470553617,-1.3042
1.3,4.66,9.3702,-2.408935392973501,7.924279286061882,-1.2231
1.3,4.68,9.369,-2.408935392973501,7.8401060944567575,-1.1419
1.3,4.7,9.3677,-2.408935392973501,7.748188027006201,-1.0606
1.3,4.72,9.3663,-2.408935392973501,7.64738297011462,-0.9793
1.3,4.74,9.3649,-2.408935392973501,7.534026106056135,-0.8978
1.3,4.76,9.3633,-2.408935392973501,7.401400540781544,-0.8163
1.3,4.78,9.3615,-2.408935392973501,7.2405492482825995,-0.7344
1.3,4.8,9.3591,-2.408935392973501,7.033423755486949,-0.652
1.3,4.82,9.356,-2.408935392973501,6.732393759822968,-0.5689
1.3,4.84,9.3515,-2.3979400086720375,6.204119982655925,-0.4844
1.3,4.86,9.3485,-2.3979400086720375,5.845098040014257,-0.4014
1.3,4.88,9.3465,-2.3979400086720375,5.6020599913279625,-0.3195
1.3,4.9,9.3449,-2.3979400086720375,5.477121254719663,-0.2378
